"Kommune";"Kommunenavn";"Aldersgruppe";"Bekræftede tilfælde";"Dagsdato"
;;;37;2022-01-31
;;0-9;240;2022-01-31
019;;0-9;167;2022-01-31
101;København;0-9;28311;2022-01-31
147;Frederiksberg;0-9;4254;2022-01-31
151;Ballerup;0-9;2672;2022-01-31
153;Brøndby;0-9;2104;2022-01-31
155;Dragør;0-9;859;2022-01-31
157;Gentofte;0-9;3596;2022-01-31
159;Gladsaxe;0-9;3799;2022-01-31
161;Glostrup;0-9;1328;2022-01-31
163;Herlev;0-9;1865;2022-01-31
165;Albertslund;0-9;1536;2022-01-31
167;Hvidovre;0-9;3436;2022-01-31
169;Høje Tåstrup;0-9;2874;2022-01-31
173;Lyngby-Taarbæk;0-9;2645;2022-01-31
175;Rødovre;0-9;2528;2022-01-31
183;Ishøj;0-9;1440;2022-01-31
185;Tårnby;0-9;2332;2022-01-31
187;Vallensbæk;0-9;1029;2022-01-31
190;Furesø;0-9;2171;2022-01-31
201;Allerød;0-9;1267;2022-01-31
210;Fredensborg;0-9;1895;2022-01-31
217;Helsingør;0-9;2534;2022-01-31
219;Hillerød;0-9;2378;2022-01-31
223;Hørsholm;0-9;1139;2022-01-31
230;Rudersdal;0-9;2697;2022-01-31
240;Egedal;0-9;2309;2022-01-31
250;Frederikssund;0-9;1713;2022-01-31
253;Greve;0-9;2753;2022-01-31
259;Køge;0-9;2441;2022-01-31
260;Halsnæs;0-9;1120;2022-01-31
265;Roskilde;0-9;3586;2022-01-31
269;Solrød;0-9;1331;2022-01-31
270;Gribskov;0-9;1263;2022-01-31
306;Odsherred;0-9;553;2022-01-31
316;Holbæk;0-9;2417;2022-01-31
320;Faxe;0-9;1188;2022-01-31
326;Kalundborg;0-9;1441;2022-01-31
329;Ringsted;0-9;1396;2022-01-31
330;Slagelse;0-9;2883;2022-01-31
336;Stevns;0-9;721;2022-01-31
340;Sorø;0-9;709;2022-01-31
350;Lejre;0-9;1080;2022-01-31
360;Lolland;0-9;1159;2022-01-31
370;Næstved;0-9;2547;2022-01-31
376;Guldborgsund;0-9;1970;2022-01-31
390;Vordingborg;0-9;1268;2022-01-31
400;Bornholm;0-9;1036;2022-01-31
410;Middelfart;0-9;1054;2022-01-31
420;Assens;0-9;1210;2022-01-31
430;Faaborg-Midtfyn;0-9;1530;2022-01-31
440;Kerteminde;0-9;750;2022-01-31
450;Nyborg;0-9;990;2022-01-31
461;Odense;0-9;8601;2022-01-31
479;Svendborg;0-9;1727;2022-01-31
480;Nordfyn;0-9;953;2022-01-31
482;Langeland;0-9;218;2022-01-31
492;Ærø;0-9;60;2022-01-31
510;Haderslev;0-9;1710;2022-01-31
530;Billund;0-9;849;2022-01-31
540;Sønderborg;0-9;2322;2022-01-31
550;Tønder;0-9;1106;2022-01-31
561;Esbjerg;0-9;4864;2022-01-31
563;Fanø;0-9;73;2022-01-31
573;Varde;0-9;1848;2022-01-31
575;Vejen;0-9;1454;2022-01-31
580;Aabenraa;0-9;1723;2022-01-31
607;Fredericia;0-9;1831;2022-01-31
615;Horsens;0-9;3409;2022-01-31
621;Kolding;0-9;3361;2022-01-31
630;Vejle;0-9;4506;2022-01-31
657;Herning;0-9;3328;2022-01-31
661;Holstebro;0-9;2278;2022-01-31
665;Lemvig;0-9;471;2022-01-31
671;Struer;0-9;520;2022-01-31
706;Syddjurs;0-9;1087;2022-01-31
707;Norddjurs;0-9;814;2022-01-31
710;Favrskov;0-9;1794;2022-01-31
727;Odder;0-9;595;2022-01-31
730;Randers;0-9;3070;2022-01-31
740;Silkeborg;0-9;3631;2022-01-31
741;Samsø;0-9;21;2022-01-31
746;Skanderborg;0-9;2871;2022-01-31
751;Århus;0-9;13217;2022-01-31
756;Ikast-Brande;0-9;1260;2022-01-31
760;Ringkøbing-Skjern;0-9;1481;2022-01-31
766;Hedensted;0-9;1317;2022-01-31
773;Morsø;0-9;561;2022-01-31
779;Skive;0-9;1193;2022-01-31
787;Thisted;0-9;1039;2022-01-31
791;Viborg;0-9;3044;2022-01-31
810;Brønderslev;0-9;1241;2022-01-31
813;Frederikshavn;0-9;1595;2022-01-31
820;Vesthimmerland;0-9;1211;2022-01-31
825;Læsø;0-9;4;2022-01-31
840;Rebild;0-9;1229;2022-01-31
846;Mariagerfjord;0-9;1259;2022-01-31
849;Jammerbugt;0-9;1142;2022-01-31
851;Aalborg;0-9;6940;2022-01-31
860;Hjørring;0-9;2265;2022-01-31
;;10-19;424;2022-01-31
011;;10-19;14;2022-01-31
019;;10-19;159;2022-01-31
101;København;10-19;32702;2022-01-31
147;Frederiksberg;10-19;5338;2022-01-31
151;Ballerup;10-19;3456;2022-01-31
153;Brøndby;10-19;2612;2022-01-31
155;Dragør;10-19;992;2022-01-31
157;Gentofte;10-19;6399;2022-01-31
159;Gladsaxe;10-19;5118;2022-01-31
161;Glostrup;10-19;1516;2022-01-31
163;Herlev;10-19;2279;2022-01-31
165;Albertslund;10-19;2152;2022-01-31
167;Hvidovre;10-19;4164;2022-01-31
169;Høje Tåstrup;10-19;3895;2022-01-31
173;Lyngby-Taarbæk;10-19;4139;2022-01-31
175;Rødovre;10-19;3065;2022-01-31
183;Ishøj;10-19;1886;2022-01-31
185;Tårnby;10-19;3133;2022-01-31
187;Vallensbæk;10-19;1350;2022-01-31
190;Furesø;10-19;3134;2022-01-31
201;Allerød;10-19;1819;2022-01-31
210;Fredensborg;10-19;2986;2022-01-31
217;Helsingør;10-19;4261;2022-01-31
219;Hillerød;10-19;3709;2022-01-31
223;Hørsholm;10-19;1953;2022-01-31
230;Rudersdal;10-19;4615;2022-01-31
240;Egedal;10-19;3303;2022-01-31
250;Frederikssund;10-19;2954;2022-01-31
253;Greve;10-19;3813;2022-01-31
259;Køge;10-19;3932;2022-01-31
260;Halsnæs;10-19;1724;2022-01-31
265;Roskilde;10-19;6104;2022-01-31
269;Solrød;10-19;1878;2022-01-31
270;Gribskov;10-19;2371;2022-01-31
306;Odsherred;10-19;1264;2022-01-31
316;Holbæk;10-19;3910;2022-01-31
320;Faxe;10-19;2070;2022-01-31
326;Kalundborg;10-19;2313;2022-01-31
329;Ringsted;10-19;1956;2022-01-31
330;Slagelse;10-19;4336;2022-01-31
336;Stevns;10-19;1356;2022-01-31
340;Sorø;10-19;1531;2022-01-31
350;Lejre;10-19;1827;2022-01-31
360;Lolland;10-19;1789;2022-01-31
370;Næstved;10-19;4816;2022-01-31
376;Guldborgsund;10-19;3131;2022-01-31
390;Vordingborg;10-19;2422;2022-01-31
400;Bornholm;10-19;1626;2022-01-31
410;Middelfart;10-19;2121;2022-01-31
420;Assens;10-19;2000;2022-01-31
430;Faaborg-Midtfyn;10-19;2518;2022-01-31
440;Kerteminde;10-19;1184;2022-01-31
450;Nyborg;10-19;1618;2022-01-31
461;Odense;10-19;11267;2022-01-31
479;Svendborg;10-19;3097;2022-01-31
480;Nordfyn;10-19;1562;2022-01-31
482;Langeland;10-19;429;2022-01-31
492;Ærø;10-19;171;2022-01-31
510;Haderslev;10-19;2858;2022-01-31
530;Billund;10-19;1477;2022-01-31
540;Sønderborg;10-19;3711;2022-01-31
550;Tønder;10-19;1846;2022-01-31
561;Esbjerg;10-19;6294;2022-01-31
563;Fanø;10-19;151;2022-01-31
573;Varde;10-19;2641;2022-01-31
575;Vejen;10-19;2437;2022-01-31
580;Aabenraa;10-19;2909;2022-01-31
607;Fredericia;10-19;2543;2022-01-31
615;Horsens;10-19;4863;2022-01-31
621;Kolding;10-19;4931;2022-01-31
630;Vejle;10-19;7182;2022-01-31
657;Herning;10-19;4853;2022-01-31
661;Holstebro;10-19;3649;2022-01-31
665;Lemvig;10-19;870;2022-01-31
671;Struer;10-19;1072;2022-01-31
706;Syddjurs;10-19;1949;2022-01-31
707;Norddjurs;10-19;1428;2022-01-31
710;Favrskov;10-19;3282;2022-01-31
727;Odder;10-19;1285;2022-01-31
730;Randers;10-19;5305;2022-01-31
740;Silkeborg;10-19;5616;2022-01-31
741;Samsø;10-19;60;2022-01-31
746;Skanderborg;10-19;4365;2022-01-31
751;Århus;10-19;18771;2022-01-31
756;Ikast-Brande;10-19;2130;2022-01-31
760;Ringkøbing-Skjern;10-19;2805;2022-01-31
766;Hedensted;10-19;2381;2022-01-31
773;Morsø;10-19;894;2022-01-31
779;Skive;10-19;2360;2022-01-31
787;Thisted;10-19;2054;2022-01-31
791;Viborg;10-19;5593;2022-01-31
810;Brønderslev;10-19;1822;2022-01-31
813;Frederikshavn;10-19;2739;2022-01-31
820;Vesthimmerland;10-19;1759;2022-01-31
825;Læsø;10-19;42;2022-01-31
840;Rebild;10-19;1641;2022-01-31
846;Mariagerfjord;10-19;2472;2022-01-31
849;Jammerbugt;10-19;1892;2022-01-31
851;Aalborg;10-19;10316;2022-01-31
860;Hjørring;10-19;3340;2022-01-31
;;20-29;1945;2022-01-31
011;;20-29;356;2022-01-31
012;;20-29;11;2022-01-31
019;;20-29;60;2022-01-31
101;København;20-29;67593;2022-01-31
147;Frederiksberg;20-29;8752;2022-01-31
151;Ballerup;20-29;2283;2022-01-31
153;Brøndby;20-29;2158;2022-01-31
155;Dragør;20-29;293;2022-01-31
157;Gentofte;20-29;2413;2022-01-31
159;Gladsaxe;20-29;3443;2022-01-31
161;Glostrup;20-29;1394;2022-01-31
163;Herlev;20-29;1427;2022-01-31
165;Albertslund;20-29;1671;2022-01-31
167;Hvidovre;20-29;2890;2022-01-31
169;Høje Tåstrup;20-29;2887;2022-01-31
173;Lyngby-Taarbæk;20-29;2546;2022-01-31
175;Rødovre;20-29;2192;2022-01-31
183;Ishøj;20-29;1564;2022-01-31
185;Tårnby;20-29;1660;2022-01-31
187;Vallensbæk;20-29;762;2022-01-31
190;Furesø;20-29;1142;2022-01-31
201;Allerød;20-29;555;2022-01-31
210;Fredensborg;20-29;1212;2022-01-31
217;Helsingør;20-29;2259;2022-01-31
219;Hillerød;20-29;2245;2022-01-31
223;Hørsholm;20-29;552;2022-01-31
230;Rudersdal;20-29;1505;2022-01-31
240;Egedal;20-29;1321;2022-01-31
250;Frederikssund;20-29;1399;2022-01-31
253;Greve;20-29;1845;2022-01-31
259;Køge;20-29;2402;2022-01-31
260;Halsnæs;20-29;901;2022-01-31
265;Roskilde;20-29;3755;2022-01-31
269;Solrød;20-29;776;2022-01-31
270;Gribskov;20-29;990;2022-01-31
306;Odsherred;20-29;720;2022-01-31
316;Holbæk;20-29;2288;2022-01-31
320;Faxe;20-29;1071;2022-01-31
326;Kalundborg;20-29;1235;2022-01-31
329;Ringsted;20-29;1383;2022-01-31
330;Slagelse;20-29;3308;2022-01-31
336;Stevns;20-29;623;2022-01-31
340;Sorø;20-29;733;2022-01-31
350;Lejre;20-29;614;2022-01-31
360;Lolland;20-29;1047;2022-01-31
370;Næstved;20-29;2975;2022-01-31
376;Guldborgsund;20-29;1963;2022-01-31
390;Vordingborg;20-29;1121;2022-01-31
400;Bornholm;20-29;787;2022-01-31
410;Middelfart;20-29;796;2022-01-31
420;Assens;20-29;854;2022-01-31
430;Faaborg-Midtfyn;20-29;1013;2022-01-31
440;Kerteminde;20-29;544;2022-01-31
450;Nyborg;20-29;750;2022-01-31
461;Odense;20-29;13173;2022-01-31
479;Svendborg;20-29;1686;2022-01-31
480;Nordfyn;20-29;657;2022-01-31
482;Langeland;20-29;154;2022-01-31
492;Ærø;20-29;83;2022-01-31
510;Haderslev;20-29;1511;2022-01-31
530;Billund;20-29;658;2022-01-31
540;Sønderborg;20-29;1807;2022-01-31
550;Tønder;20-29;811;2022-01-31
561;Esbjerg;20-29;4465;2022-01-31
563;Fanø;20-29;28;2022-01-31
573;Varde;20-29;1234;2022-01-31
575;Vejen;20-29;1141;2022-01-31
580;Aabenraa;20-29;1392;2022-01-31
607;Fredericia;20-29;1496;2022-01-31
615;Horsens;20-29;3385;2022-01-31
621;Kolding;20-29;2938;2022-01-31
630;Vejle;20-29;3990;2022-01-31
657;Herning;20-29;2981;2022-01-31
661;Holstebro;20-29;2192;2022-01-31
665;Lemvig;20-29;477;2022-01-31
671;Struer;20-29;436;2022-01-31
706;Syddjurs;20-29;702;2022-01-31
707;Norddjurs;20-29;807;2022-01-31
710;Favrskov;20-29;967;2022-01-31
727;Odder;20-29;423;2022-01-31
730;Randers;20-29;3180;2022-01-31
740;Silkeborg;20-29;2605;2022-01-31
741;Samsø;20-29;30;2022-01-31
746;Skanderborg;20-29;1298;2022-01-31
751;Århus;20-29;29346;2022-01-31
756;Ikast-Brande;20-29;1044;2022-01-31
760;Ringkøbing-Skjern;20-29;1298;2022-01-31
766;Hedensted;20-29;1093;2022-01-31
773;Morsø;20-29;510;2022-01-31
779;Skive;20-29;1185;2022-01-31
787;Thisted;20-29;967;2022-01-31
791;Viborg;20-29;2589;2022-01-31
810;Brønderslev;20-29;834;2022-01-31
813;Frederikshavn;20-29;1353;2022-01-31
820;Vesthimmerland;20-29;871;2022-01-31
825;Læsø;20-29;11;2022-01-31
840;Rebild;20-29;605;2022-01-31
846;Mariagerfjord;20-29;1049;2022-01-31
849;Jammerbugt;20-29;799;2022-01-31
851;Aalborg;20-29;13682;2022-01-31
860;Hjørring;20-29;1694;2022-01-31
956;;20-29;1;2022-01-31
;;30-39;1717;2022-01-31
011;;30-39;685;2022-01-31
012;;30-39;15;2022-01-31
019;;30-39;141;2022-01-31
101;København;30-39;48057;2022-01-31
147;Frederiksberg;30-39;6281;2022-01-31
151;Ballerup;30-39;2858;2022-01-31
153;Brøndby;30-39;2415;2022-01-31
155;Dragør;30-39;640;2022-01-31
157;Gentofte;30-39;2855;2022-01-31
159;Gladsaxe;30-39;3952;2022-01-31
161;Glostrup;30-39;1580;2022-01-31
163;Herlev;30-39;1813;2022-01-31
165;Albertslund;30-39;1595;2022-01-31
167;Hvidovre;30-39;3574;2022-01-31
169;Høje Tåstrup;30-39;3483;2022-01-31
173;Lyngby-Taarbæk;30-39;2302;2022-01-31
175;Rødovre;30-39;2735;2022-01-31
183;Ishøj;30-39;1731;2022-01-31
185;Tårnby;30-39;2415;2022-01-31
187;Vallensbæk;30-39;1174;2022-01-31
190;Furesø;30-39;1786;2022-01-31
201;Allerød;30-39;1078;2022-01-31
210;Fredensborg;30-39;1839;2022-01-31
217;Helsingør;30-39;2523;2022-01-31
219;Hillerød;30-39;2390;2022-01-31
223;Hørsholm;30-39;906;2022-01-31
230;Rudersdal;30-39;2085;2022-01-31
240;Egedal;30-39;2294;2022-01-31
250;Frederikssund;30-39;1714;2022-01-31
253;Greve;30-39;2749;2022-01-31
259;Køge;30-39;2817;2022-01-31
260;Halsnæs;30-39;1149;2022-01-31
265;Roskilde;30-39;3681;2022-01-31
269;Solrød;30-39;1366;2022-01-31
270;Gribskov;30-39;1308;2022-01-31
306;Odsherred;30-39;788;2022-01-31
316;Holbæk;30-39;2917;2022-01-31
320;Faxe;30-39;1486;2022-01-31
326;Kalundborg;30-39;1411;2022-01-31
329;Ringsted;30-39;1557;2022-01-31
330;Slagelse;30-39;3197;2022-01-31
336;Stevns;30-39;867;2022-01-31
340;Sorø;30-39;875;2022-01-31
350;Lejre;30-39;1172;2022-01-31
360;Lolland;30-39;1273;2022-01-31
370;Næstved;30-39;3033;2022-01-31
376;Guldborgsund;30-39;2221;2022-01-31
390;Vordingborg;30-39;1574;2022-01-31
400;Bornholm;30-39;1035;2022-01-31
410;Middelfart;30-39;1060;2022-01-31
420;Assens;30-39;1157;2022-01-31
430;Faaborg-Midtfyn;30-39;1618;2022-01-31
440;Kerteminde;30-39;745;2022-01-31
450;Nyborg;30-39;1028;2022-01-31
461;Odense;30-39;8962;2022-01-31
479;Svendborg;30-39;1851;2022-01-31
480;Nordfyn;30-39;914;2022-01-31
482;Langeland;30-39;259;2022-01-31
492;Ærø;30-39;59;2022-01-31
510;Haderslev;30-39;1719;2022-01-31
530;Billund;30-39;936;2022-01-31
540;Sønderborg;30-39;2105;2022-01-31
550;Tønder;30-39;1052;2022-01-31
561;Esbjerg;30-39;4630;2022-01-31
563;Fanø;30-39;68;2022-01-31
573;Varde;30-39;1741;2022-01-31
575;Vejen;30-39;1416;2022-01-31
580;Aabenraa;30-39;1650;2022-01-31
607;Fredericia;30-39;1791;2022-01-31
615;Horsens;30-39;3704;2022-01-31
621;Kolding;30-39;3126;2022-01-31
630;Vejle;30-39;4567;2022-01-31
657;Herning;30-39;3322;2022-01-31
661;Holstebro;30-39;2254;2022-01-31
665;Lemvig;30-39;499;2022-01-31
671;Struer;30-39;543;2022-01-31
706;Syddjurs;30-39;1151;2022-01-31
707;Norddjurs;30-39;952;2022-01-31
710;Favrskov;30-39;1767;2022-01-31
727;Odder;30-39;654;2022-01-31
730;Randers;30-39;3368;2022-01-31
740;Silkeborg;30-39;3796;2022-01-31
741;Samsø;30-39;39;2022-01-31
746;Skanderborg;30-39;2695;2022-01-31
751;Århus;30-39;15027;2022-01-31
756;Ikast-Brande;30-39;1324;2022-01-31
760;Ringkøbing-Skjern;30-39;1476;2022-01-31
766;Hedensted;30-39;1410;2022-01-31
773;Morsø;30-39;590;2022-01-31
779;Skive;30-39;1189;2022-01-31
787;Thisted;30-39;1164;2022-01-31
791;Viborg;30-39;2978;2022-01-31
810;Brønderslev;30-39;1235;2022-01-31
813;Frederikshavn;30-39;1797;2022-01-31
820;Vesthimmerland;30-39;1195;2022-01-31
825;Læsø;30-39;8;2022-01-31
840;Rebild;30-39;1272;2022-01-31
846;Mariagerfjord;30-39;1320;2022-01-31
849;Jammerbugt;30-39;1156;2022-01-31
851;Aalborg;30-39;7829;2022-01-31
860;Hjørring;30-39;2040;2022-01-31
956;;30-39;1;2022-01-31
961;;30-39;1;2022-01-31
;;40-49;1369;2022-01-31
011;;40-49;602;2022-01-31
012;;40-49;14;2022-01-31
019;;40-49;169;2022-01-31
101;København;40-49;34203;2022-01-31
147;Frederiksberg;40-49;5527;2022-01-31
151;Ballerup;40-49;2746;2022-01-31
153;Brøndby;40-49;2111;2022-01-31
155;Dragør;40-49;931;2022-01-31
157;Gentofte;40-49;4429;2022-01-31
159;Gladsaxe;40-49;4067;2022-01-31
161;Glostrup;40-49;1337;2022-01-31
163;Herlev;40-49;1795;2022-01-31
165;Albertslund;40-49;1731;2022-01-31
167;Hvidovre;40-49;3648;2022-01-31
169;Høje Tåstrup;40-49;3119;2022-01-31
173;Lyngby-Taarbæk;40-49;3052;2022-01-31
175;Rødovre;40-49;2695;2022-01-31
183;Ishøj;40-49;1470;2022-01-31
185;Tårnby;40-49;2848;2022-01-31
187;Vallensbæk;40-49;1122;2022-01-31
190;Furesø;40-49;2359;2022-01-31
201;Allerød;40-49;1312;2022-01-31
210;Fredensborg;40-49;2120;2022-01-31
217;Helsingør;40-49;3097;2022-01-31
219;Hillerød;40-49;2640;2022-01-31
223;Hørsholm;40-49;1336;2022-01-31
230;Rudersdal;40-49;3178;2022-01-31
240;Egedal;40-49;2549;2022-01-31
250;Frederikssund;40-49;2122;2022-01-31
253;Greve;40-49;3035;2022-01-31
259;Køge;40-49;2968;2022-01-31
260;Halsnæs;40-49;1396;2022-01-31
265;Roskilde;40-49;4476;2022-01-31
269;Solrød;40-49;1379;2022-01-31
270;Gribskov;40-49;1715;2022-01-31
306;Odsherred;40-49;903;2022-01-31
316;Holbæk;40-49;2824;2022-01-31
320;Faxe;40-49;1483;2022-01-31
326;Kalundborg;40-49;1610;2022-01-31
329;Ringsted;40-49;1662;2022-01-31
330;Slagelse;40-49;3079;2022-01-31
336;Stevns;40-49;977;2022-01-31
340;Sorø;40-49;1045;2022-01-31
350;Lejre;40-49;1422;2022-01-31
360;Lolland;40-49;1400;2022-01-31
370;Næstved;40-49;3328;2022-01-31
376;Guldborgsund;40-49;2323;2022-01-31
390;Vordingborg;40-49;1680;2022-01-31
400;Bornholm;40-49;1151;2022-01-31
410;Middelfart;40-49;1303;2022-01-31
420;Assens;40-49;1315;2022-01-31
430;Faaborg-Midtfyn;40-49;1703;2022-01-31
440;Kerteminde;40-49;745;2022-01-31
450;Nyborg;40-49;1125;2022-01-31
461;Odense;40-49;7802;2022-01-31
479;Svendborg;40-49;2043;2022-01-31
480;Nordfyn;40-49;1075;2022-01-31
482;Langeland;40-49;265;2022-01-31
492;Ærø;40-49;90;2022-01-31
510;Haderslev;40-49;1818;2022-01-31
530;Billund;40-49;903;2022-01-31
540;Sønderborg;40-49;2196;2022-01-31
550;Tønder;40-49;1041;2022-01-31
561;Esbjerg;40-49;4203;2022-01-31
563;Fanø;40-49;95;2022-01-31
573;Varde;40-49;1709;2022-01-31
575;Vejen;40-49;1606;2022-01-31
580;Aabenraa;40-49;1791;2022-01-31
607;Fredericia;40-49;1831;2022-01-31
615;Horsens;40-49;3541;2022-01-31
621;Kolding;40-49;3249;2022-01-31
630;Vejle;40-49;4461;2022-01-31
657;Herning;40-49;3223;2022-01-31
661;Holstebro;40-49;2232;2022-01-31
665;Lemvig;40-49;517;2022-01-31
671;Struer;40-49;624;2022-01-31
706;Syddjurs;40-49;1255;2022-01-31
707;Norddjurs;40-49;864;2022-01-31
710;Favrskov;40-49;2085;2022-01-31
727;Odder;40-49;753;2022-01-31
730;Randers;40-49;3585;2022-01-31
740;Silkeborg;40-49;3599;2022-01-31
741;Samsø;40-49;45;2022-01-31
746;Skanderborg;40-49;2897;2022-01-31
751;Århus;40-49;12358;2022-01-31
756;Ikast-Brande;40-49;1405;2022-01-31
760;Ringkøbing-Skjern;40-49;1562;2022-01-31
766;Hedensted;40-49;1555;2022-01-31
773;Morsø;40-49;576;2022-01-31
779;Skive;40-49;1355;2022-01-31
787;Thisted;40-49;1157;2022-01-31
791;Viborg;40-49;3418;2022-01-31
810;Brønderslev;40-49;1190;2022-01-31
813;Frederikshavn;40-49;1833;2022-01-31
820;Vesthimmerland;40-49;1146;2022-01-31
825;Læsø;40-49;18;2022-01-31
840;Rebild;40-49;1061;2022-01-31
846;Mariagerfjord;40-49;1474;2022-01-31
849;Jammerbugt;40-49;1264;2022-01-31
851;Aalborg;40-49;7032;2022-01-31
860;Hjørring;40-49;2153;2022-01-31
;;50-59;954;2022-01-31
011;;50-59;328;2022-01-31
012;;50-59;8;2022-01-31
019;;50-59;47;2022-01-31
101;København;50-59;20869;2022-01-31
147;Frederiksberg;50-59;3649;2022-01-31
151;Ballerup;50-59;2094;2022-01-31
153;Brøndby;50-59;1551;2022-01-31
155;Dragør;50-59;633;2022-01-31
157;Gentofte;50-59;3582;2022-01-31
159;Gladsaxe;50-59;2766;2022-01-31
161;Glostrup;50-59;942;2022-01-31
163;Herlev;50-59;1216;2022-01-31
165;Albertslund;50-59;1210;2022-01-31
167;Hvidovre;50-59;2164;2022-01-31
169;Høje Tåstrup;50-59;2010;2022-01-31
173;Lyngby-Taarbæk;50-59;2144;2022-01-31
175;Rødovre;50-59;1652;2022-01-31
183;Ishøj;50-59;1059;2022-01-31
185;Tårnby;50-59;1840;2022-01-31
187;Vallensbæk;50-59;623;2022-01-31
190;Furesø;50-59;1630;2022-01-31
201;Allerød;50-59;990;2022-01-31
210;Fredensborg;50-59;1689;2022-01-31
217;Helsingør;50-59;2773;2022-01-31
219;Hillerød;50-59;2182;2022-01-31
223;Hørsholm;50-59;1111;2022-01-31
230;Rudersdal;50-59;2431;2022-01-31
240;Egedal;50-59;1862;2022-01-31
250;Frederikssund;50-59;1870;2022-01-31
253;Greve;50-59;2236;2022-01-31
259;Køge;50-59;2464;2022-01-31
260;Halsnæs;50-59;1097;2022-01-31
265;Roskilde;50-59;3395;2022-01-31
269;Solrød;50-59;957;2022-01-31
270;Gribskov;50-59;1621;2022-01-31
306;Odsherred;50-59;847;2022-01-31
316;Holbæk;50-59;2323;2022-01-31
320;Faxe;50-59;1284;2022-01-31
326;Kalundborg;50-59;1366;2022-01-31
329;Ringsted;50-59;1194;2022-01-31
330;Slagelse;50-59;2352;2022-01-31
336;Stevns;50-59;870;2022-01-31
340;Sorø;50-59;885;2022-01-31
350;Lejre;50-59;994;2022-01-31
360;Lolland;50-59;1209;2022-01-31
370;Næstved;50-59;2667;2022-01-31
376;Guldborgsund;50-59;1863;2022-01-31
390;Vordingborg;50-59;1361;2022-01-31
400;Bornholm;50-59;1004;2022-01-31
410;Middelfart;50-59;1034;2022-01-31
420;Assens;50-59;962;2022-01-31
430;Faaborg-Midtfyn;50-59;1236;2022-01-31
440;Kerteminde;50-59;695;2022-01-31
450;Nyborg;50-59;914;2022-01-31
461;Odense;50-59;5211;2022-01-31
479;Svendborg;50-59;1557;2022-01-31
480;Nordfyn;50-59;829;2022-01-31
482;Langeland;50-59;237;2022-01-31
492;Ærø;50-59;108;2022-01-31
510;Haderslev;50-59;1384;2022-01-31
530;Billund;50-59;615;2022-01-31
540;Sønderborg;50-59;1776;2022-01-31
550;Tønder;50-59;856;2022-01-31
561;Esbjerg;50-59;3164;2022-01-31
563;Fanø;50-59;59;2022-01-31
573;Varde;50-59;1266;2022-01-31
575;Vejen;50-59;1031;2022-01-31
580;Aabenraa;50-59;1381;2022-01-31
607;Fredericia;50-59;1260;2022-01-31
615;Horsens;50-59;2211;2022-01-31
621;Kolding;50-59;2311;2022-01-31
630;Vejle;50-59;3021;2022-01-31
657;Herning;50-59;2304;2022-01-31
661;Holstebro;50-59;1577;2022-01-31
665;Lemvig;50-59;574;2022-01-31
671;Struer;50-59;516;2022-01-31
706;Syddjurs;50-59;904;2022-01-31
707;Norddjurs;50-59;762;2022-01-31
710;Favrskov;50-59;1184;2022-01-31
727;Odder;50-59;611;2022-01-31
730;Randers;50-59;2500;2022-01-31
740;Silkeborg;50-59;2376;2022-01-31
741;Samsø;50-59;64;2022-01-31
746;Skanderborg;50-59;1844;2022-01-31
751;Århus;50-59;7958;2022-01-31
756;Ikast-Brande;50-59;1001;2022-01-31
760;Ringkøbing-Skjern;50-59;1270;2022-01-31
766;Hedensted;50-59;1228;2022-01-31
773;Morsø;50-59;530;2022-01-31
779;Skive;50-59;1194;2022-01-31
787;Thisted;50-59;996;2022-01-31
791;Viborg;50-59;2442;2022-01-31
810;Brønderslev;50-59;922;2022-01-31
813;Frederikshavn;50-59;1691;2022-01-31
820;Vesthimmerland;50-59;968;2022-01-31
825;Læsø;50-59;15;2022-01-31
840;Rebild;50-59;750;2022-01-31
846;Mariagerfjord;50-59;1145;2022-01-31
849;Jammerbugt;50-59;946;2022-01-31
851;Aalborg;50-59;4698;2022-01-31
860;Hjørring;50-59;1730;2022-01-31
;;60-69;383;2022-01-31
010;;60-69;1;2022-01-31
011;;60-69;71;2022-01-31
012;;60-69;2;2022-01-31
019;;60-69;13;2022-01-31
101;København;60-69;9110;2022-01-31
147;Frederiksberg;60-69;1709;2022-01-31
151;Ballerup;60-69;973;2022-01-31
153;Brøndby;60-69;895;2022-01-31
155;Dragør;60-69;360;2022-01-31
157;Gentofte;60-69;1585;2022-01-31
159;Gladsaxe;60-69;1336;2022-01-31
161;Glostrup;60-69;489;2022-01-31
163;Herlev;60-69;692;2022-01-31
165;Albertslund;60-69;554;2022-01-31
167;Hvidovre;60-69;1134;2022-01-31
169;Høje Tåstrup;60-69;989;2022-01-31
173;Lyngby-Taarbæk;60-69;1042;2022-01-31
175;Rødovre;60-69;930;2022-01-31
183;Ishøj;60-69;476;2022-01-31
185;Tårnby;60-69;985;2022-01-31
187;Vallensbæk;60-69;290;2022-01-31
190;Furesø;60-69;772;2022-01-31
201;Allerød;60-69;466;2022-01-31
210;Fredensborg;60-69;863;2022-01-31
217;Helsingør;60-69;1455;2022-01-31
219;Hillerød;60-69;996;2022-01-31
223;Hørsholm;60-69;529;2022-01-31
230;Rudersdal;60-69;1113;2022-01-31
240;Egedal;60-69;768;2022-01-31
250;Frederikssund;60-69;905;2022-01-31
253;Greve;60-69;1013;2022-01-31
259;Køge;60-69;977;2022-01-31
260;Halsnæs;60-69;636;2022-01-31
265;Roskilde;60-69;1509;2022-01-31
269;Solrød;60-69;436;2022-01-31
270;Gribskov;60-69;905;2022-01-31
306;Odsherred;60-69;576;2022-01-31
316;Holbæk;60-69;1275;2022-01-31
320;Faxe;60-69;687;2022-01-31
326;Kalundborg;60-69;811;2022-01-31
329;Ringsted;60-69;517;2022-01-31
330;Slagelse;60-69;1224;2022-01-31
336;Stevns;60-69;480;2022-01-31
340;Sorø;60-69;478;2022-01-31
350;Lejre;60-69;479;2022-01-31
360;Lolland;60-69;824;2022-01-31
370;Næstved;60-69;1374;2022-01-31
376;Guldborgsund;60-69;1180;2022-01-31
390;Vordingborg;60-69;911;2022-01-31
400;Bornholm;60-69;680;2022-01-31
410;Middelfart;60-69;512;2022-01-31
420;Assens;60-69;482;2022-01-31
430;Faaborg-Midtfyn;60-69;759;2022-01-31
440;Kerteminde;60-69;340;2022-01-31
450;Nyborg;60-69;542;2022-01-31
461;Odense;60-69;2533;2022-01-31
479;Svendborg;60-69;955;2022-01-31
480;Nordfyn;60-69;415;2022-01-31
482;Langeland;60-69;180;2022-01-31
492;Ærø;60-69;68;2022-01-31
510;Haderslev;60-69;817;2022-01-31
530;Billund;60-69;299;2022-01-31
540;Sønderborg;60-69;848;2022-01-31
550;Tønder;60-69;572;2022-01-31
561;Esbjerg;60-69;1675;2022-01-31
563;Fanø;60-69;61;2022-01-31
573;Varde;60-69;714;2022-01-31
575;Vejen;60-69;543;2022-01-31
580;Aabenraa;60-69;800;2022-01-31
607;Fredericia;60-69;694;2022-01-31
615;Horsens;60-69;1044;2022-01-31
621;Kolding;60-69;1089;2022-01-31
630;Vejle;60-69;1395;2022-01-31
657;Herning;60-69;1251;2022-01-31
661;Holstebro;60-69;913;2022-01-31
665;Lemvig;60-69;355;2022-01-31
671;Struer;60-69;332;2022-01-31
706;Syddjurs;60-69;525;2022-01-31
707;Norddjurs;60-69;461;2022-01-31
710;Favrskov;60-69;478;2022-01-31
727;Odder;60-69;336;2022-01-31
730;Randers;60-69;1167;2022-01-31
740;Silkeborg;60-69;1170;2022-01-31
741;Samsø;60-69;57;2022-01-31
746;Skanderborg;60-69;807;2022-01-31
751;Århus;60-69;4015;2022-01-31
756;Ikast-Brande;60-69;532;2022-01-31
760;Ringkøbing-Skjern;60-69;780;2022-01-31
766;Hedensted;60-69;651;2022-01-31
773;Morsø;60-69;337;2022-01-31
779;Skive;60-69;637;2022-01-31
787;Thisted;60-69;611;2022-01-31
791;Viborg;60-69;1298;2022-01-31
810;Brønderslev;60-69;527;2022-01-31
813;Frederikshavn;60-69;981;2022-01-31
820;Vesthimmerland;60-69;679;2022-01-31
825;Læsø;60-69;11;2022-01-31
840;Rebild;60-69;400;2022-01-31
846;Mariagerfjord;60-69;655;2022-01-31
849;Jammerbugt;60-69;532;2022-01-31
851;Aalborg;60-69;2355;2022-01-31
860;Hjørring;60-69;1052;2022-01-31
;;70-79;103;2022-01-31
011;;70-79;8;2022-01-31
019;;70-79;3;2022-01-31
101;København;70-79;4321;2022-01-31
147;Frederiksberg;70-79;1041;2022-01-31
151;Ballerup;70-79;539;2022-01-31
153;Brøndby;70-79;465;2022-01-31
155;Dragør;70-79;229;2022-01-31
157;Gentofte;70-79;910;2022-01-31
159;Gladsaxe;70-79;605;2022-01-31
161;Glostrup;70-79;240;2022-01-31
163;Herlev;70-79;281;2022-01-31
165;Albertslund;70-79;351;2022-01-31
167;Hvidovre;70-79;562;2022-01-31
169;Høje Tåstrup;70-79;528;2022-01-31
173;Lyngby-Taarbæk;70-79;551;2022-01-31
175;Rødovre;70-79;365;2022-01-31
183;Ishøj;70-79;268;2022-01-31
185;Tårnby;70-79;502;2022-01-31
187;Vallensbæk;70-79;212;2022-01-31
190;Furesø;70-79;376;2022-01-31
201;Allerød;70-79;257;2022-01-31
210;Fredensborg;70-79;517;2022-01-31
217;Helsingør;70-79;816;2022-01-31
219;Hillerød;70-79;500;2022-01-31
223;Hørsholm;70-79;379;2022-01-31
230;Rudersdal;70-79;611;2022-01-31
240;Egedal;70-79;520;2022-01-31
250;Frederikssund;70-79;527;2022-01-31
253;Greve;70-79;565;2022-01-31
259;Køge;70-79;587;2022-01-31
260;Halsnæs;70-79;341;2022-01-31
265;Roskilde;70-79;792;2022-01-31
269;Solrød;70-79;265;2022-01-31
270;Gribskov;70-79;513;2022-01-31
306;Odsherred;70-79;307;2022-01-31
316;Holbæk;70-79;585;2022-01-31
320;Faxe;70-79;281;2022-01-31
326;Kalundborg;70-79;430;2022-01-31
329;Ringsted;70-79;257;2022-01-31
330;Slagelse;70-79;637;2022-01-31
336;Stevns;70-79;263;2022-01-31
340;Sorø;70-79;221;2022-01-31
350;Lejre;70-79;226;2022-01-31
360;Lolland;70-79;489;2022-01-31
370;Næstved;70-79;711;2022-01-31
376;Guldborgsund;70-79;640;2022-01-31
390;Vordingborg;70-79;460;2022-01-31
400;Bornholm;70-79;373;2022-01-31
410;Middelfart;70-79;259;2022-01-31
420;Assens;70-79;218;2022-01-31
430;Faaborg-Midtfyn;70-79;372;2022-01-31
440;Kerteminde;70-79;163;2022-01-31
450;Nyborg;70-79;306;2022-01-31
461;Odense;70-79;1250;2022-01-31
479;Svendborg;70-79;468;2022-01-31
480;Nordfyn;70-79;236;2022-01-31
482;Langeland;70-79;127;2022-01-31
492;Ærø;70-79;62;2022-01-31
510;Haderslev;70-79;435;2022-01-31
530;Billund;70-79;200;2022-01-31
540;Sønderborg;70-79;470;2022-01-31
550;Tønder;70-79;258;2022-01-31
561;Esbjerg;70-79;807;2022-01-31
563;Fanø;70-79;50;2022-01-31
573;Varde;70-79;384;2022-01-31
575;Vejen;70-79;267;2022-01-31
580;Aabenraa;70-79;410;2022-01-31
607;Fredericia;70-79;377;2022-01-31
615;Horsens;70-79;539;2022-01-31
621;Kolding;70-79;536;2022-01-31
630;Vejle;70-79;631;2022-01-31
657;Herning;70-79;538;2022-01-31
661;Holstebro;70-79;457;2022-01-31
665;Lemvig;70-79;201;2022-01-31
671;Struer;70-79;203;2022-01-31
706;Syddjurs;70-79;303;2022-01-31
707;Norddjurs;70-79;193;2022-01-31
710;Favrskov;70-79;253;2022-01-31
727;Odder;70-79;137;2022-01-31
730;Randers;70-79;594;2022-01-31
740;Silkeborg;70-79;557;2022-01-31
741;Samsø;70-79;23;2022-01-31
746;Skanderborg;70-79;405;2022-01-31
751;Århus;70-79;1812;2022-01-31
756;Ikast-Brande;70-79;277;2022-01-31
760;Ringkøbing-Skjern;70-79;360;2022-01-31
766;Hedensted;70-79;271;2022-01-31
773;Morsø;70-79;202;2022-01-31
779;Skive;70-79;338;2022-01-31
787;Thisted;70-79;345;2022-01-31
791;Viborg;70-79;576;2022-01-31
810;Brønderslev;70-79;279;2022-01-31
813;Frederikshavn;70-79;511;2022-01-31
820;Vesthimmerland;70-79;402;2022-01-31
825;Læsø;70-79;10;2022-01-31
840;Rebild;70-79;183;2022-01-31
846;Mariagerfjord;70-79;320;2022-01-31
849;Jammerbugt;70-79;312;2022-01-31
851;Aalborg;70-79;1250;2022-01-31
860;Hjørring;70-79;549;2022-01-31
;;80-89;41;2022-01-31
011;;80-89;2;2022-01-31
101;København;80-89;1555;2022-01-31
147;Frederiksberg;80-89;509;2022-01-31
151;Ballerup;80-89;301;2022-01-31
153;Brøndby;80-89;194;2022-01-31
155;Dragør;80-89;93;2022-01-31
157;Gentofte;80-89;346;2022-01-31
159;Gladsaxe;80-89;293;2022-01-31
161;Glostrup;80-89;129;2022-01-31
163;Herlev;80-89;159;2022-01-31
165;Albertslund;80-89;111;2022-01-31
167;Hvidovre;80-89;249;2022-01-31
169;Høje Tåstrup;80-89;205;2022-01-31
173;Lyngby-Taarbæk;80-89;230;2022-01-31
175;Rødovre;80-89;147;2022-01-31
183;Ishøj;80-89;81;2022-01-31
185;Tårnby;80-89;211;2022-01-31
187;Vallensbæk;80-89;81;2022-01-31
190;Furesø;80-89;177;2022-01-31
201;Allerød;80-89;115;2022-01-31
210;Fredensborg;80-89;178;2022-01-31
217;Helsingør;80-89;321;2022-01-31
219;Hillerød;80-89;182;2022-01-31
223;Hørsholm;80-89;147;2022-01-31
230;Rudersdal;80-89;263;2022-01-31
240;Egedal;80-89;170;2022-01-31
250;Frederikssund;80-89;205;2022-01-31
253;Greve;80-89;181;2022-01-31
259;Køge;80-89;159;2022-01-31
260;Halsnæs;80-89;110;2022-01-31
265;Roskilde;80-89;285;2022-01-31
269;Solrød;80-89;69;2022-01-31
270;Gribskov;80-89;205;2022-01-31
306;Odsherred;80-89;91;2022-01-31
316;Holbæk;80-89;172;2022-01-31
320;Faxe;80-89;81;2022-01-31
326;Kalundborg;80-89;160;2022-01-31
329;Ringsted;80-89;112;2022-01-31
330;Slagelse;80-89;271;2022-01-31
336;Stevns;80-89;92;2022-01-31
340;Sorø;80-89;76;2022-01-31
350;Lejre;80-89;72;2022-01-31
360;Lolland;80-89;192;2022-01-31
370;Næstved;80-89;246;2022-01-31
376;Guldborgsund;80-89;255;2022-01-31
390;Vordingborg;80-89;134;2022-01-31
400;Bornholm;80-89;113;2022-01-31
410;Middelfart;80-89;101;2022-01-31
420;Assens;80-89;73;2022-01-31
430;Faaborg-Midtfyn;80-89;110;2022-01-31
440;Kerteminde;80-89;66;2022-01-31
450;Nyborg;80-89;113;2022-01-31
461;Odense;80-89;419;2022-01-31
479;Svendborg;80-89;141;2022-01-31
480;Nordfyn;80-89;92;2022-01-31
482;Langeland;80-89;26;2022-01-31
492;Ærø;80-89;10;2022-01-31
510;Haderslev;80-89;168;2022-01-31
530;Billund;80-89;62;2022-01-31
540;Sønderborg;80-89;189;2022-01-31
550;Tønder;80-89;75;2022-01-31
561;Esbjerg;80-89;284;2022-01-31
563;Fanø;80-89;7;2022-01-31
573;Varde;80-89;112;2022-01-31
575;Vejen;80-89;116;2022-01-31
580;Aabenraa;80-89;157;2022-01-31
607;Fredericia;80-89;148;2022-01-31
615;Horsens;80-89;160;2022-01-31
621;Kolding;80-89;180;2022-01-31
630;Vejle;80-89;210;2022-01-31
657;Herning;80-89;207;2022-01-31
661;Holstebro;80-89;163;2022-01-31
665;Lemvig;80-89;62;2022-01-31
671;Struer;80-89;62;2022-01-31
706;Syddjurs;80-89;86;2022-01-31
707;Norddjurs;80-89;70;2022-01-31
710;Favrskov;80-89;75;2022-01-31
727;Odder;80-89;50;2022-01-31
730;Randers;80-89;183;2022-01-31
740;Silkeborg;80-89;140;2022-01-31
741;Samsø;80-89;6;2022-01-31
746;Skanderborg;80-89;127;2022-01-31
751;Århus;80-89;639;2022-01-31
756;Ikast-Brande;80-89;107;2022-01-31
760;Ringkøbing-Skjern;80-89;131;2022-01-31
766;Hedensted;80-89;103;2022-01-31
773;Morsø;80-89;56;2022-01-31
779;Skive;80-89;91;2022-01-31
787;Thisted;80-89;133;2022-01-31
791;Viborg;80-89;192;2022-01-31
810;Brønderslev;80-89;80;2022-01-31
813;Frederikshavn;80-89;152;2022-01-31
820;Vesthimmerland;80-89;162;2022-01-31
825;Læsø;80-89;2;2022-01-31
840;Rebild;80-89;62;2022-01-31
846;Mariagerfjord;80-89;142;2022-01-31
849;Jammerbugt;80-89;113;2022-01-31
851;Aalborg;80-89;426;2022-01-31
860;Hjørring;80-89;213;2022-01-31
;;90+;28;2022-01-31
101;København;90+;502;2022-01-31
147;Frederiksberg;90+;204;2022-01-31
151;Ballerup;90+;41;2022-01-31
153;Brøndby;90+;45;2022-01-31
155;Dragør;90+;21;2022-01-31
157;Gentofte;90+;124;2022-01-31
159;Gladsaxe;90+;113;2022-01-31
161;Glostrup;90+;43;2022-01-31
163;Herlev;90+;60;2022-01-31
165;Albertslund;90+;10;2022-01-31
167;Hvidovre;90+;74;2022-01-31
169;Høje Tåstrup;90+;46;2022-01-31
173;Lyngby-Taarbæk;90+;133;2022-01-31
175;Rødovre;90+;51;2022-01-31
183;Ishøj;90+;12;2022-01-31
185;Tårnby;90+;89;2022-01-31
187;Vallensbæk;90+;16;2022-01-31
190;Furesø;90+;53;2022-01-31
201;Allerød;90+;35;2022-01-31
210;Fredensborg;90+;43;2022-01-31
217;Helsingør;90+;82;2022-01-31
219;Hillerød;90+;28;2022-01-31
223;Hørsholm;90+;60;2022-01-31
230;Rudersdal;90+;94;2022-01-31
240;Egedal;90+;25;2022-01-31
250;Frederikssund;90+;30;2022-01-31
253;Greve;90+;21;2022-01-31
259;Køge;90+;36;2022-01-31
260;Halsnæs;90+;18;2022-01-31
265;Roskilde;90+;64;2022-01-31
269;Solrød;90+;18;2022-01-31
270;Gribskov;90+;54;2022-01-31
306;Odsherred;90+;13;2022-01-31
316;Holbæk;90+;48;2022-01-31
320;Faxe;90+;17;2022-01-31
326;Kalundborg;90+;34;2022-01-31
329;Ringsted;90+;30;2022-01-31
330;Slagelse;90+;77;2022-01-31
336;Stevns;90+;25;2022-01-31
340;Sorø;90+;18;2022-01-31
350;Lejre;90+;13;2022-01-31
360;Lolland;90+;48;2022-01-31
370;Næstved;90+;52;2022-01-31
376;Guldborgsund;90+;79;2022-01-31
390;Vordingborg;90+;28;2022-01-31
400;Bornholm;90+;20;2022-01-31
410;Middelfart;90+;17;2022-01-31
420;Assens;90+;14;2022-01-31
430;Faaborg-Midtfyn;90+;26;2022-01-31
440;Kerteminde;90+;10;2022-01-31
450;Nyborg;90+;21;2022-01-31
461;Odense;90+;91;2022-01-31
479;Svendborg;90+;48;2022-01-31
480;Nordfyn;90+;18;2022-01-31
482;Langeland;90+;4;2022-01-31
492;Ærø;90+;3;2022-01-31
510;Haderslev;90+;30;2022-01-31
530;Billund;90+;32;2022-01-31
540;Sønderborg;90+;35;2022-01-31
550;Tønder;90+;18;2022-01-31
561;Esbjerg;90+;69;2022-01-31
573;Varde;90+;41;2022-01-31
575;Vejen;90+;14;2022-01-31
580;Aabenraa;90+;36;2022-01-31
607;Fredericia;90+;17;2022-01-31
615;Horsens;90+;41;2022-01-31
621;Kolding;90+;29;2022-01-31
630;Vejle;90+;43;2022-01-31
657;Herning;90+;51;2022-01-31
661;Holstebro;90+;32;2022-01-31
665;Lemvig;90+;9;2022-01-31
671;Struer;90+;11;2022-01-31
706;Syddjurs;90+;26;2022-01-31
707;Norddjurs;90+;10;2022-01-31
710;Favrskov;90+;20;2022-01-31
727;Odder;90+;9;2022-01-31
730;Randers;90+;59;2022-01-31
740;Silkeborg;90+;28;2022-01-31
741;Samsø;90+;7;2022-01-31
746;Skanderborg;90+;35;2022-01-31
751;Århus;90+;170;2022-01-31
756;Ikast-Brande;90+;28;2022-01-31
760;Ringkøbing-Skjern;90+;32;2022-01-31
766;Hedensted;90+;23;2022-01-31
773;Morsø;90+;23;2022-01-31
779;Skive;90+;31;2022-01-31
787;Thisted;90+;25;2022-01-31
791;Viborg;90+;58;2022-01-31
810;Brønderslev;90+;11;2022-01-31
813;Frederikshavn;90+;25;2022-01-31
820;Vesthimmerland;90+;42;2022-01-31
825;Læsø;90+;1;2022-01-31
840;Rebild;90+;19;2022-01-31
846;Mariagerfjord;90+;35;2022-01-31
849;Jammerbugt;90+;14;2022-01-31
851;Aalborg;90+;97;2022-01-31
860;Hjørring;90+;42;2022-01-31
